<?xml version="1.0"?>
<doc>
    <assembly>
        <name>Tracer.Log4Net</name>
    </assembly>
    <members>
        <member name="M:Tracer.Log4Net.Log.Debug(System.Object)">
            <overloads>Log a message object with the <see cref="F:log4net.Core.Level.Debug"/> level.</overloads>
            <summary>
            Log a message object with the <see cref="F:log4net.Core.Level.Debug"/> level.
            </summary>
            <param name="message">The message object to log.</param>
        </member>
        <member name="M:Tracer.Log4Net.Log.Debug(System.Object,System.Exception)">
            <summary>
            Log a message object with the <see cref="F:log4net.Core.Level.Debug"/> level including
            the stack trace of the <see cref="T:System.Exception"/> passed
            as a parameter.
            </summary>
            <param name="message">The message object to log.</param>
            <param name="exception">The exception to log, including its stack trace.</param>
        </member>
        <member name="M:Tracer.Log4Net.Log.DebugFormat(System.String,System.Object[])">
            <summary>
            Logs a formatted message string with the <see cref="F:log4net.Core.Level.Debug"/> level.
            </summary>
            <param name="format">A String containing zero or more format items</param>
            <param name="args">An Object array containing zero or more objects to format</param>
        </member>
        <member name="M:Tracer.Log4Net.Log.DebugFormat(System.String,System.Object)">
            <summary>
            Logs a formatted message string with the <see cref="F:log4net.Core.Level.Debug"/> level.
            </summary>
            <param name="format">A String containing zero or more format items</param>
            <param name="arg0">An Object to format</param>
        </member>
        <member name="M:Tracer.Log4Net.Log.DebugFormat(System.String,System.Object,System.Object)">
            <summary>
            Logs a formatted message string with the <see cref="F:log4net.Core.Level.Debug"/> level.
            </summary>
            <param name="format">A String containing zero or more format items</param>
            <param name="arg0">An Object to format</param>
            <param name="arg1">An Object to format</param>
        </member>
        <member name="M:Tracer.Log4Net.Log.DebugFormat(System.String,System.Object,System.Object,System.Object)">
            <summary>
            Logs a formatted message string with the <see cref="F:log4net.Core.Level.Debug"/> level.
            </summary>
            <param name="format">A String containing zero or more format items</param>
            <param name="arg0">An Object to format</param>
            <param name="arg1">An Object to format</param>
            <param name="arg2">An Object to format</param>
        </member>
        <member name="M:Tracer.Log4Net.Log.DebugFormat(System.IFormatProvider,System.String,System.Object[])">
            <summary>
            Logs a formatted message string with the <see cref="F:log4net.Core.Level.Debug"/> level.
            </summary>
            <param name="provider">An <see cref="T:System.IFormatProvider"/> that supplies culture-specific formatting information</param>
            <param name="format">A String containing zero or more format items</param>
            <param name="args">An Object array containing zero or more objects to format</param>
        </member>
        <member name="M:Tracer.Log4Net.Log.Info(System.Object)">
            <overloads>Log a message object with the <see cref="F:log4net.Core.Level.Info"/> level.</overloads>
            <summary>
            Logs a message object with the <see cref="F:log4net.Core.Level.Info"/> level.
            </summary>
        </member>
        <member name="M:Tracer.Log4Net.Log.Info(System.Object,System.Exception)">
            <summary>
            Logs a message object with the <c>INFO</c> level including
            the stack trace of the <see cref="T:System.Exception"/> passed
            as a parameter.
            </summary>
            <param name="message">The message object to log.</param>
            <param name="exception">The exception to log, including its stack trace.</param>
        </member>
        <member name="M:Tracer.Log4Net.Log.InfoFormat(System.String,System.Object[])">
            <overloads>Log a formatted message string with the <see cref="F:log4net.Core.Level.Info"/> level.</overloads>
            <summary>
            Logs a formatted message string with the <see cref="F:log4net.Core.Level.Info"/> level.
            </summary>
            <param name="format">A String containing zero or more format items</param>
            <param name="args">An Object array containing zero or more objects to format</param>
        </member>
        <member name="M:Tracer.Log4Net.Log.InfoFormat(System.String,System.Object)">
            <summary>
            Logs a formatted message string with the <see cref="F:log4net.Core.Level.Info"/> level.
            </summary>
            <param name="format">A String containing zero or more format items</param>
            <param name="arg0">An Object to format</param>
        </member>
        <member name="M:Tracer.Log4Net.Log.InfoFormat(System.String,System.Object,System.Object)">
            <summary>
            Logs a formatted message string with the <see cref="F:log4net.Core.Level.Info"/> level.
            </summary>
            <param name="format">A String containing zero or more format items</param>
            <param name="arg0">An Object to format</param>
            <param name="arg1">An Object to format</param>
        </member>
        <member name="M:Tracer.Log4Net.Log.InfoFormat(System.String,System.Object,System.Object,System.Object)">
            <summary>
            Logs a formatted message string with the <see cref="F:log4net.Core.Level.Info"/> level.
            </summary>
            <param name="format">A String containing zero or more format items</param>
            <param name="arg0">An Object to format</param>
            <param name="arg1">An Object to format</param>
            <param name="arg2">An Object to format</param>
        </member>
        <member name="M:Tracer.Log4Net.Log.InfoFormat(System.IFormatProvider,System.String,System.Object[])">
            <summary>
            Logs a formatted message string with the <see cref="F:log4net.Core.Level.Info"/> level.
            </summary>
            <param name="provider">An <see cref="T:System.IFormatProvider"/> that supplies culture-specific formatting information</param>
            <param name="format">A String containing zero or more format items</param>
            <param name="args">An Object array containing zero or more objects to format</param>
        </member>
        <member name="M:Tracer.Log4Net.Log.Warn(System.Object)">
            <overloads>Log a message object with the <see cref="F:log4net.Core.Level.Warn"/> level.</overloads>
            <summary>
            Log a message object with the <see cref="F:log4net.Core.Level.Warn"/> level.
            </summary>
            <param name="message">The message object to log.</param>
        </member>
        <member name="M:Tracer.Log4Net.Log.Warn(System.Object,System.Exception)">
            <summary>
            Log a message object with the <see cref="F:log4net.Core.Level.Warn"/> level including
            the stack trace of the <see cref="T:System.Exception"/> passed
            as a parameter.
            </summary>
            <param name="message">The message object to log.</param>
            <param name="exception">The exception to log, including its stack trace.</param>
        </member>
        <member name="M:Tracer.Log4Net.Log.WarnFormat(System.String,System.Object[])">
            <overloads>Log a formatted message string with the <see cref="F:log4net.Core.Level.Warn"/> level.</overloads>
            <summary>
            Logs a formatted message string with the <see cref="F:log4net.Core.Level.Warn"/> level.
            </summary>
            <param name="format">A String containing zero or more format items</param>
            <param name="args">An Object array containing zero or more objects to format</param>
        </member>
        <member name="M:Tracer.Log4Net.Log.WarnFormat(System.String,System.Object)">
            <summary>
            Logs a formatted message string with the <see cref="F:log4net.Core.Level.Warn"/> level.
            </summary>
            <param name="format">A String containing zero or more format items</param>
            <param name="arg0">An Object to format</param>
        </member>
        <member name="M:Tracer.Log4Net.Log.WarnFormat(System.String,System.Object,System.Object)">
            <summary>
            Logs a formatted message string with the <see cref="F:log4net.Core.Level.Warn"/> level.
            </summary>
            <param name="format">A String containing zero or more format items</param>
            <param name="arg0">An Object to format</param>
            <param name="arg1">An Object to format</param>
        </member>
        <member name="M:Tracer.Log4Net.Log.WarnFormat(System.String,System.Object,System.Object,System.Object)">
            <summary>
            Logs a formatted message string with the <see cref="F:log4net.Core.Level.Warn"/> level.
            </summary>
            <param name="format">A String containing zero or more format items</param>
            <param name="arg0">An Object to format</param>
            <param name="arg1">An Object to format</param>
            <param name="arg2">An Object to format</param>
        </member>
        <member name="M:Tracer.Log4Net.Log.WarnFormat(System.IFormatProvider,System.String,System.Object[])">
            <summary>
            Logs a formatted message string with the <see cref="F:log4net.Core.Level.Warn"/> level.
            </summary>
            <param name="provider">An <see cref="T:System.IFormatProvider"/> that supplies culture-specific formatting information</param>
            <param name="format">A String containing zero or more format items</param>
            <param name="args">An Object array containing zero or more objects to format</param>
        </member>
        <member name="M:Tracer.Log4Net.Log.Error(System.Object)">
            <overloads>Log a message object with the <see cref="F:log4net.Core.Level.Error"/> level.</overloads>
            <summary>
            Logs a message object with the <see cref="F:log4net.Core.Level.Error"/> level.
            </summary>
            <param name="message">The message object to log.</param>
        </member>
        <member name="M:Tracer.Log4Net.Log.Error(System.Object,System.Exception)">
            <summary>
            Log a message object with the <see cref="F:log4net.Core.Level.Error"/> level including
            the stack trace of the <see cref="T:System.Exception"/> passed
            as a parameter.
            </summary>
            <param name="message">The message object to log.</param>
            <param name="exception">The exception to log, including its stack trace.</param>
        </member>
        <member name="M:Tracer.Log4Net.Log.ErrorFormat(System.String,System.Object[])">
            <overloads>Log a formatted message string with the <see cref="F:log4net.Core.Level.Error"/> level.</overloads>
            <summary>
            Logs a formatted message string with the <see cref="F:log4net.Core.Level.Error"/> level.
            </summary>
            <param name="format">A String containing zero or more format items</param>
            <param name="args">An Object array containing zero or more objects to format</param>
        </member>
        <member name="M:Tracer.Log4Net.Log.ErrorFormat(System.String,System.Object)">
            <summary>
            Logs a formatted message string with the <see cref="F:log4net.Core.Level.Error"/> level.
            </summary>
            <param name="format">A String containing zero or more format items</param>
            <param name="arg0">An Object to format</param>
        </member>
        <member name="M:Tracer.Log4Net.Log.ErrorFormat(System.String,System.Object,System.Object)">
            <summary>
            Logs a formatted message string with the <see cref="F:log4net.Core.Level.Error"/> level.
            </summary>
            <param name="format">A String containing zero or more format items</param>
            <param name="arg0">An Object to format</param>
            <param name="arg1">An Object to format</param>
        </member>
        <member name="M:Tracer.Log4Net.Log.ErrorFormat(System.String,System.Object,System.Object,System.Object)">
            <summary>
            Logs a formatted message string with the <see cref="F:log4net.Core.Level.Error"/> level.
            </summary>
            <param name="format">A String containing zero or more format items</param>
            <param name="arg0">An Object to format</param>
            <param name="arg1">An Object to format</param>
            <param name="arg2">An Object to format</param>
        </member>
        <member name="M:Tracer.Log4Net.Log.ErrorFormat(System.IFormatProvider,System.String,System.Object[])">
            <summary>
            Logs a formatted message string with the <see cref="F:log4net.Core.Level.Error"/> level.
            </summary>
            <param name="provider">An <see cref="T:System.IFormatProvider"/> that supplies culture-specific formatting information</param>
            <param name="format">A String containing zero or more format items</param>
            <param name="args">An Object array containing zero or more objects to format</param>
        </member>
        <member name="M:Tracer.Log4Net.Log.Fatal(System.Object)">
            <overloads>Log a message object with the <see cref="F:log4net.Core.Level.Fatal"/> level.</overloads>
            <summary>
            Log a message object with the <see cref="F:log4net.Core.Level.Fatal"/> level.
            </summary>
            <param name="message">The message object to log.</param>
        </member>
        <member name="M:Tracer.Log4Net.Log.Fatal(System.Object,System.Exception)">
            <summary>
            Log a message object with the <see cref="F:log4net.Core.Level.Fatal"/> level including
            the stack trace of the <see cref="T:System.Exception"/> passed
            as a parameter.
            </summary>
            <param name="message">The message object to log.</param>
            <param name="exception">The exception to log, including its stack trace.</param>
        </member>
        <member name="M:Tracer.Log4Net.Log.FatalFormat(System.String,System.Object[])">
            <overloads>Log a formatted message string with the <see cref="F:log4net.Core.Level.Fatal"/> level.</overloads>
            <summary>
            Logs a formatted message string with the <see cref="F:log4net.Core.Level.Fatal"/> level.
            </summary>
            <param name="format">A String containing zero or more format items</param>
            <param name="args">An Object array containing zero or more objects to format</param>
        </member>
        <member name="M:Tracer.Log4Net.Log.FatalFormat(System.String,System.Object)">
            <summary>
            Logs a formatted message string with the <see cref="F:log4net.Core.Level.Fatal"/> level.
            </summary>
            <param name="format">A String containing zero or more format items</param>
            <param name="arg0">An Object to format</param>
        </member>
        <member name="M:Tracer.Log4Net.Log.FatalFormat(System.String,System.Object,System.Object)">
            <summary>
            Logs a formatted message string with the <see cref="F:log4net.Core.Level.Fatal"/> level.
            </summary>
            <param name="format">A String containing zero or more format items</param>
            <param name="arg0">An Object to format</param>
            <param name="arg1">An Object to format</param>
        </member>
        <member name="M:Tracer.Log4Net.Log.FatalFormat(System.String,System.Object,System.Object,System.Object)">
            <summary>
            Logs a formatted message string with the <see cref="F:log4net.Core.Level.Fatal"/> level.
            </summary>
            <param name="format">A String containing zero or more format items</param>
            <param name="arg0">An Object to format</param>
            <param name="arg1">An Object to format</param>
            <param name="arg2">An Object to format</param>
        </member>
        <member name="M:Tracer.Log4Net.Log.FatalFormat(System.IFormatProvider,System.String,System.Object[])">
            <summary>
            Logs a formatted message string with the <see cref="F:log4net.Core.Level.Fatal"/> level.
            </summary>
            <param name="provider">An <see cref="T:System.IFormatProvider"/> that supplies culture-specific formatting information</param>
            <param name="format">A String containing zero or more format items</param>
            <param name="args">An Object array containing zero or more objects to format</param>
        </member>
        <member name="P:Tracer.Log4Net.Log.IsDebugEnabled">
            <summary>
            Checks if this logger is enabled for the <see cref="F:log4net.Core.Level.Debug"/> level.
            </summary>
            <value>
            <c>true</c> if this logger is enabled for <see cref="F:log4net.Core.Level.Debug"/> events, <c>false</c> otherwise.
            </value>
        </member>
        <member name="P:Tracer.Log4Net.Log.IsInfoEnabled">
            <summary>
            Checks if this logger is enabled for the <see cref="F:log4net.Core.Level.Info"/> level.
            </summary>
            <value>
            <c>true</c> if this logger is enabled for <see cref="F:log4net.Core.Level.Info"/> events, <c>false</c> otherwise.
            </value>
        </member>
        <member name="P:Tracer.Log4Net.Log.IsWarnEnabled">
            <summary>
            Checks if this logger is enabled for the <see cref="F:log4net.Core.Level.Warn"/> level.
            </summary>
            <value>
            <c>true</c> if this logger is enabled for <see cref="F:log4net.Core.Level.Warn"/> events, <c>false</c> otherwise.
            </value>
        </member>
        <member name="P:Tracer.Log4Net.Log.IsErrorEnabled">
            <summary>
            Checks if this logger is enabled for the <see cref="F:log4net.Core.Level.Error"/> level.
            </summary>
            <value>
            <c>true</c> if this logger is enabled for <see cref="F:log4net.Core.Level.Error"/> events, <c>false</c> otherwise.
            </value>
        </member>
        <member name="P:Tracer.Log4Net.Log.IsFatalEnabled">
            <summary>
            Checks if this logger is enabled for the <see cref="F:log4net.Core.Level.Fatal"/> level.
            </summary>
            <value>
            <c>true</c> if this logger is enabled for <see cref="F:log4net.Core.Level.Fatal"/> events, <c>false</c> otherwise.
            </value>
        </member>
        <member name="T:TracerAttributes.TraceOn">
            <summary>
            This attributes specifies that the marked element(s) should be traced.
            </summary>
        </member>
        <member name="T:TracerAttributes.NoTrace">
            <summary>
            This attribute excludes the marked element from tracing.
            </summary>
        </member>
    </members>
</doc>
